main_category,sub_category,siteName,name,price,img,link
주방,etc,더다룸 ,친환경 생분해 셀룰로오스 행주 빨아쓰는 제로웨이스트 린넨,2700원,https://shop-phinf.pstatic.net/20210603_232/1622688489992kEFd5_JPEG/23824332642695664_514249693.jpg?type=m510,https://smartstore.naver.com/thedarum1/products/5581303962
욕실,etc,더다룸 ,대나무칫솔 10개 세트 친환경 칫솔 제로웨이스트 미세모 일반모 나무 우드 성인 기본형,25000원,https://shop-phinf.pstatic.net/20210504_289/16201109643133XcOd_JPEG/21246853001725319_939527787.jpg?type=m510,https://smartstore.naver.com/thedarum1/products/5565953345
욕실,etc,더다룸 ,어린이 대나무칫솔 아동용 1개 친환경 유해물질 0% 제로웨이스트 치솔 대나무 칫솔,3000원,https://shop-phinf.pstatic.net/20210503_113/1620023939383pMYjc_JPEG/21159835095275342_665985483.jpg?type=m510,https://smartstore.naver.com/thedarum1/products/5563077648
잡화,etc,더다룸 ,친환경 생분해 아이폰 12 / 12pro / 12 미니 케이스 제로웨이스트,12000원,https://shop-phinf.pstatic.net/20210512_38/1620808392825W1CUf_JPEG/21944291319715727_754464803.jpg?type=m510,https://smartstore.naver.com/thedarum1/products/5582536490
욕실,etc,더다룸 ,어린이 대나무칫솔 아동용 3개 세트 친환경 유해물질 0% 제로웨이스트 치솔 대나무 칫솔,9000원,https://shop-phinf.pstatic.net/20210503_113/1620023939383pMYjc_JPEG/21159835095275342_665985483.jpg?type=m510,https://smartstore.naver.com/thedarum1/products/5581310497
욕실,etc,더다룸 ,대나무칫솔 성인용 라운드 1개 친환경 나무 칫솔 제로웨이스트 치솔 일반모 생분해 대나무,3900원,https://shop-phinf.pstatic.net/20210504_225/1620114915821tiwdG_JPEG/21250761420283242_1478320422.jpg?type=m510,https://smartstore.naver.com/thedarum1/products/5572863241
욕실,etc,더다룸 ,대나무칫솔 성인용 라운드 4개 세트 친환경 나무 칫솔 제로웨이스트 치솔 일반모 생분해,15200원,https://shop-phinf.pstatic.net/20210504_225/1620114915821tiwdG_JPEG/21250761420283242_1478320422.jpg?type=m510,https://smartstore.naver.com/thedarum1/products/5566149690
욕실,etc,더다룸 ,대나무 칫솔 꽂이 1개 친환경 제로웨이스트 습기 건조 에코 치솔,2100원,https://shop-phinf.pstatic.net/20210503_62/1620025339015FceKj_JPEG/21161227605759343_1312427453.jpg?type=m510,https://smartstore.naver.com/thedarum1/products/5563149694
욕실,etc,더다룸 ,대나무칫솔 친환경 베이직 라운드 칫솔 1개 제로웨이스트 치솔 미세모 성인 아동 유아,2500원,https://shop-phinf.pstatic.net/20210503_300/1620021443468LCCxK_JPEG/21157338650260515_1034991685.jpg?type=m510,https://smartstore.naver.com/thedarum1/products/5563010105
잡화,etc,urban.echo,"[어반에코]어반 솝 파우치 거품용 천연 비누파우치 /삼베, 소창 - 2type 면비누망",3500원,https://shop-phinf.pstatic.net/20210406_144/1617672235054BsJ4N_JPEG/18808133763421411_1152895951.jpg?type=m510,https://smartstore.naver.com/urbanecho/products/4828982423
주방,etc,urban.echo,"[어반에코] 무형광/ 무표백 2겹 강화소창 행주/와입스, 제로웨이스트 손수건",2500원,https://shop-phinf.pstatic.net/20200917_223/1600325746355nPYJc_JPEG/37687289022387170_1204068057.jpg?type=m510,https://smartstore.naver.com/urbanecho/products/4694845812
잡화,etc,urban.echo,[어반에코] 2day bag 에스닉 페이즐리 반다나백 에코백 (양면가방),39000원,https://shop-phinf.pstatic.net/20200608_89/15916072824113Lr36_JPEG/28969615990495676_1920226058.jpg?type=m510,https://smartstore.naver.com/urbanecho/products/4963443559
잡화,etc,urban.echo,어반에코 다용도 스테인레스 집게 세트 5개입 5pcs 고리 정리 수납 제로웨이스트,4000원,https://shop-phinf.pstatic.net/20210314_146/16156981780791esu2_JPEG/16833961778635898_1902869773.jpg?type=m510,https://smartstore.naver.com/urbanecho/products/5454039116
주방,etc,urban.echo,[어반에코] 제로웨이스트 키친키트 - 설거지비누 삼베수세미 병세척솔 소창행주 건조집게,41900원,https://shop-phinf.pstatic.net/20210311_221/1615424833682NfHSS_JPEG/16560617355590165_1898886743.jpg?type=m510,https://smartstore.naver.com/urbanecho/products/5447454028
주방,etc,urban.echo,어반에코 제로웨이스트 설거지 아이템 - 설거지비누 병세척솔 컵브러쉬 삼베수세미 건조집게,3000원,https://shop-phinf.pstatic.net/20210202_150/1612262048844HFz5c_JPEG/13397832548425903_12358496.jpg?type=m510,https://smartstore.naver.com/urbanecho/products/5376261084
주방,etc,urban.echo,[어반에코] 제로웨이스트 리빙키트 - 삼베샤워타월 삼베수세미  솝파우치  소창행주손수건 건조집게,34400원,https://shop-phinf.pstatic.net/20210129_95/1611910166800f2ODV_JPEG/13046009463484631_100949993.jpg?type=m510,https://smartstore.naver.com/urbanecho/products/5367530060
주방,etc,urban.echo,어반에코 마이제로웨이스트 키트 Basic Ⅲ (크로스드링크백+스트로우세트+소창손수건),30700원,https://shop-phinf.pstatic.net/20201125_104/1606271290489WoevX_JPEG/7407189197166339_1128109039.jpg?type=m510,https://smartstore.naver.com/urbanecho/products/5237719016
주방,etc,urban.echo,[어반에코] 삼베 수세미 /제로웨이스트 /친환경 /미니멀라이프,3500원,https://shop-phinf.pstatic.net/20200918_160/1600418219454hJNbb_JPEG/1554054275651611_1687524292.jpg?type=m510,https://smartstore.naver.com/urbanecho/products/5123395916
욕실,etc,urban.echo,[어반에코] 삼베 샤워 타월 친환경 천연 삼베 타월 -제로웨이스트/미니멀라이프,6500원,https://shop-phinf.pstatic.net/20200916_137/1600245650474pfU3c_JPEG/1381539152057641_937228348.jpg?type=m510,https://smartstore.naver.com/urbanecho/products/5119555986
주방,etc,urban.echo,어반에코 마이제로웨이스트 키트 Basic Ⅰ (드링크백+스트로우세트+소창손수건),20700원,https://shop-phinf.pstatic.net/20201119_285/1605743039303myg6q_JPEG/6878874128158312_1571815318.jpg?type=m510,https://smartstore.naver.com/urbanecho/products/4998807712
잡화,etc,urban.echo,어반에코 마이제로웨이스트 키트 Basic Ⅱ (재사용화장솜+소창손수건+솝파우치+건조집게),14000원,https://shop-phinf.pstatic.net/20210406_146/1617672399111myKls_JPEG/18808297717144609_2093630734.jpg?type=m510,https://smartstore.naver.com/urbanecho/products/4998694317
잡화,etc,urban.echo,[어반에코] 어반레이지백 / 미니에코백  4color / 천연염색가방,27000원,https://shop-phinf.pstatic.net/20200608_280/1591586128855JFwGi_JPEG/28948462423809300_2096607962.jpg?type=m510,https://smartstore.naver.com/urbanecho/products/4962734544
잡화,etc,urban.echo,"[어반에코] 어반 데일리 파우치, 복주머니, 스트링파우치, 제로웨이스트",7000원,https://shop-phinf.pstatic.net/20200517_40/1589697934915qqNPB_JPEG/27058673544251386_579449124.jpg?type=m510,https://smartstore.naver.com/urbanecho/products/4933380022
잡화,etc,urban.echo,[어반에코] 재사용 커피 필터 (강화소창3겹 /면),5000원,https://shop-phinf.pstatic.net/20200309_26/1583737007963Fa40a_JPEG/21099341531238610_1834228357.jpg?type=m510,https://smartstore.naver.com/urbanecho/products/4844447421
잡화,etc,urban.echo,"[어반에코] 어반 리유저블 패드 제로웨이스트 재사용 화장솜, 코튼패드 (5매)",7000원,https://shop-phinf.pstatic.net/20201110_260/1604972914614V3MSx_JPEG/6108803307045744_1225296157.jpg?type=m510,https://smartstore.naver.com/urbanecho/products/4768993220
주방,etc,urban.echo,[어반에코] 어반 휴대용 스테인레스 스트로우 세트 (파우치+스트로우+세척솔) 제로웨이스트,7200원,https://shop-phinf.pstatic.net/20200707_168/1594099523575s2Lfk_JPEG/31462912090097866_1262732907.jpg?type=m510,https://smartstore.naver.com/urbanecho/products/4745067532
잡화,etc,urban.echo,"[어반에코] 어반 드링크백 /텀블러백 -핸디보틀형 스타일 ,제로웨이스트",11000원,https://shop-phinf.pstatic.net/20200407_34/1586228238590mFzlU_JPEG/23588073126599477_1993116514.jpg?type=m510,https://smartstore.naver.com/urbanecho/products/4731761753
잡화,etc,urban.echo,"[어반에코] 어반 드링크백 /텀블러백 -핸디콜드컵형 스타일, 제로웨이스트",11000원,https://shop-phinf.pstatic.net/20200703_73/1593762139168ONgjK_JPEG/31124472757106990_115551805.jpg?type=m510,https://smartstore.naver.com/urbanecho/products/4731738124
잡화,etc,urban.echo,"[어반에코] 어반 드링크백 /텀블러백 -크로스보틀형 스타일,제로웨이스트",21000원,https://shop-phinf.pstatic.net/20200407_90/15862283493280tx6h_JPEG/23589087959640064_1530193026.jpg?type=m510,https://smartstore.naver.com/urbanecho/products/4731736020
잡화,etc,urban.echo,"[어반에코] 어반 드링크백 /텀블러백 -크로스 콜드컵형 스타일, 제로웨이스트",21000원,https://shop-phinf.pstatic.net/20191128_208/1574930412906FsEiL_JPEG/12290247449046008_1102209810.jpg?type=m510,https://smartstore.naver.com/urbanecho/products/4731729624
잡화,etc,밀키프로젝트,milky Frame DIY kit (밀키프로젝트/밀키프레임 종이액자+캘린더 키트),17600원,https://shop-phinf.pstatic.net/20210120_23/1611070414136FmPa9_JPEG/12206197793733029_1193223135.JPG?type=m510,https://smartstore.naver.com/milkyproject/products/5345569833
잡화,etc,밀키프로젝트,milky CUBE DIY kit (밀키프로젝트/밀키큐브 미니소품상자 키트),9900원,https://shop-phinf.pstatic.net/20200819_18/1597778163889Vjo6e_JPEG/35137998191450386_128614630.JPG?type=m510,https://smartstore.naver.com/milkyproject/products/5068837226
잡화,etc,밀키프로젝트,milky Cardzip DIY kit (밀키프로젝트/밀키카드집 카드월렛 키트),13200원,https://shop-phinf.pstatic.net/20200819_118/15977778863851C2NW_JPEG/35137720906605250_1247534829.jpg?type=m510,https://smartstore.naver.com/milkyproject/products/5068836641
잡화,etc,밀키프로젝트,milky Pouch DIY kit (밀키프로젝트/밀키파우치 미니월렛 키트),14300원,https://shop-phinf.pstatic.net/20200819_177/1597777499921yNo7s_JPEG/35137334424306464_695501339.JPG?type=m510,https://smartstore.naver.com/milkyproject/products/5068832575
잡화,etc,밀키프로젝트,milky B?ton DIY kit (밀키프로젝트/밀키바통 펜케이스 키트),17600원,https://shop-phinf.pstatic.net/20200403_221/1585847496058jwesa_JPEG/23209038681572168_1986162701.jpeg?type=m510,https://smartstore.naver.com/milkyproject/products/4876312971
